{
  "miyawaki": {
    "CCCV1": {
      "method": "CCCV1-Optimized",
      "dataset": "miyawaki",
      "parameters": {
        "total": 155040529,
        "trainable": 155040529,
        "size_mb": 591.4326820373535
      },
      "performance": {
        "inference_time_ms": 1.1287856101989746,
        "memory_usage_mb": 368.7119140625,
        "estimated_training_hours": 77.5202645
      },
      "environmental": {
        "training_carbon_kg": 6.5892224825,
        "inference_carbon_kg": 2.6651882463031345e-05,
        "total_carbon_kg": 6.589249134382463
      },
      "efficiency": {
        "params_per_mb": 262144.0,
        "inference_fps": 885.9078207275576,
        "carbon_efficiency": 0.15176236011202493
      }
    },
    "Mind-Vis": {
      "method": "Mind-Vis",
      "dataset": "miyawaki",
      "parameters": {
        "total": 315924480,
        "trainable": 315924480,
        "size_mb": 1205.15625
      },
      "performance": {
        "inference_time_ms": 4.222280979156494,
        "memory_usage_mb": 1219.35791015625,
        "estimated_training_hours": 379.109376
      },
      "environmental": {
        "training_carbon_kg": 32.224296960000004,
        "inference_carbon_kg": 9.9692745341195e-05,
        "total_carbon_kg": 32.22439665274535
      },
      "efficiency": {
        "params_per_mb": 262144.0,
        "inference_fps": 236.8388093868104,
        "carbon_efficiency": 0.031032388620837226
      }
    },
    "Brain-Diffuser": {
      "method": "Lightweight-Brain-Diffuser",
      "dataset": "miyawaki",
      "parameters": {
        "total": 156661248,
        "trainable": 156661248,
        "size_mb": 597.615234375
      },
      "performance": {
        "inference_time_ms": 2.147977352142334,
        "memory_usage_mb": 611.79345703125,
        "estimated_training_hours": 234.991872
      },
      "environmental": {
        "training_carbon_kg": 19.97430912,
        "inference_carbon_kg": 5.0716131925582885e-05,
        "total_carbon_kg": 19.974359836131928
      },
      "efficiency": {
        "params_per_mb": 262144.0,
        "inference_fps": 465.5542568931778,
        "carbon_efficiency": 0.05006418269240772
      }
    }
  },
  "vangerven": {
    "CCCV1": {
      "method": "CCCV1-Optimized",
      "dataset": "vangerven",
      "parameters": {
        "total": 157216529,
        "trainable": 157216529,
        "size_mb": 599.7334632873535
      },
      "performance": {
        "inference_time_ms": 1.2138938903808594,
        "memory_usage_mb": 369.97998046875,
        "estimated_training_hours": 78.6082645
      },
      "environmental": {
        "training_carbon_kg": 6.6817024825,
        "inference_carbon_kg": 2.86613835228814e-05,
        "total_carbon_kg": 6.681731143883523
      },
      "efficiency": {
        "params_per_mb": 262144.0,
        "inference_fps": 823.795232782867,
        "carbon_efficiency": 0.14966181345315024
      }
    },
    "Mind-Vis": {
      "method": "Mind-Vis",
      "dataset": "vangerven",
      "parameters": {
        "total": 320276480,
        "trainable": 320276480,
        "size_mb": 1221.7578125
      },
      "performance": {
        "inference_time_ms": 4.468321800231934,
        "memory_usage_mb": 1236.0244140625,
        "estimated_training_hours": 384.331776
      },
      "environmental": {
        "training_carbon_kg": 32.66820096,
        "inference_carbon_kg": 0.00010550204250547622,
        "total_carbon_kg": 32.66830646204251
      },
      "efficiency": {
        "params_per_mb": 262144.0,
        "inference_fps": 223.79766827628524,
        "carbon_efficiency": 0.030610708307206122
      }
    },
    "Brain-Diffuser": {
      "method": "Lightweight-Brain-Diffuser",
      "dataset": "vangerven",
      "parameters": {
        "total": 158837248,
        "trainable": 158837248,
        "size_mb": 605.916015625
      },
      "performance": {
        "inference_time_ms": 2.181558609008789,
        "memory_usage_mb": 620.1591796875,
        "estimated_training_hours": 238.25587199999998
      },
      "environmental": {
        "training_carbon_kg": 20.25174912,
        "inference_carbon_kg": 5.150902271270752e-05,
        "total_carbon_kg": 20.25180062902271
      },
      "efficiency": {
        "params_per_mb": 262144.0,
        "inference_fps": 458.38786813724846,
        "carbon_efficiency": 0.04937832533107733
      }
    }
  },
  "crell": {
    "CCCV1": {
      "method": "CCCV1-Optimized",
      "dataset": "crell",
      "parameters": {
        "total": 157216529,
        "trainable": 157216529,
        "size_mb": 599.7334632873535
      },
      "performance": {
        "inference_time_ms": 1.2852025032043457,
        "memory_usage_mb": 369.97998046875,
        "estimated_training_hours": 78.6082645
      },
      "environmental": {
        "training_carbon_kg": 6.6817024825,
        "inference_carbon_kg": 3.0345059103435943e-05,
        "total_carbon_kg": 6.681732827559104
      },
      "efficiency": {
        "params_per_mb": 262144.0,
        "inference_fps": 778.0874978898179,
        "carbon_efficiency": 0.14966177574108552
      }
    },
    "Mind-Vis": {
      "method": "Mind-Vis",
      "dataset": "crell",
      "parameters": {
        "total": 320276480,
        "trainable": 320276480,
        "size_mb": 1221.7578125
      },
      "performance": {
        "inference_time_ms": 4.581432342529297,
        "memory_usage_mb": 1236.0244140625,
        "estimated_training_hours": 384.331776
      },
      "environmental": {
        "training_carbon_kg": 32.66820096,
        "inference_carbon_kg": 0.0001081727080874973,
        "total_carbon_kg": 32.66830913270809
      },
      "efficiency": {
        "params_per_mb": 262144.0,
        "inference_fps": 218.27234917714065,
        "carbon_efficiency": 0.03061070580475138
      }
    },
    "Brain-Diffuser": {
      "method": "Lightweight-Brain-Diffuser",
      "dataset": "crell",
      "parameters": {
        "total": 158837248,
        "trainable": 158837248,
        "size_mb": 605.916015625
      },
      "performance": {
        "inference_time_ms": 2.169921398162842,
        "memory_usage_mb": 620.1591796875,
        "estimated_training_hours": 238.25587199999998
      },
      "environmental": {
        "training_carbon_kg": 20.25174912,
        "inference_carbon_kg": 5.123425523440044e-05,
        "total_carbon_kg": 20.251800354255234
      },
      "efficiency": {
        "params_per_mb": 262144.0,
        "inference_fps": 460.84618587873615,
        "carbon_efficiency": 0.04937832600102063
      }
    }
  },
  "mindbigdata": {
    "CCCV1": {
      "method": "CCCV1-Optimized",
      "dataset": "mindbigdata",
      "parameters": {
        "total": 157216529,
        "trainable": 157216529,
        "size_mb": 599.7334632873535
      },
      "performance": {
        "inference_time_ms": 1.2490272521972656,
        "memory_usage_mb": 369.97998046875,
        "estimated_training_hours": 78.6082645
      },
      "environmental": {
        "training_carbon_kg": 6.6817024825,
        "inference_carbon_kg": 2.949092123243544e-05,
        "total_carbon_kg": 6.681731973421233
      },
      "efficiency": {
        "params_per_mb": 262144.0,
        "inference_fps": 800.6230434450637,
        "carbon_efficiency": 0.14966179487262077
      }
    },
    "Mind-Vis": {
      "method": "Mind-Vis",
      "dataset": "mindbigdata",
      "parameters": {
        "total": 320276480,
        "trainable": 320276480,
        "size_mb": 1221.7578125
      },
      "performance": {
        "inference_time_ms": 4.286072254180908,
        "memory_usage_mb": 1236.0244140625,
        "estimated_training_hours": 384.331776
      },
      "environmental": {
        "training_carbon_kg": 32.66820096,
        "inference_carbon_kg": 0.0001011989282237159,
        "total_carbon_kg": 32.66830215892822
      },
      "efficiency": {
        "params_per_mb": 262144.0,
        "inference_fps": 233.31384556677415,