{
  "miyawaki": {
    "cccv1_scores": [
      0.014735915698111057,
      0.00677435752004385,
      0.00398612767457962,
      0.0008832051535136998,
      0.006929620634764433,
      0.003892285982146859,
      0.001790753100067377,
      0.013917536474764347,
      0.005349166225641966,
      0.003888742532581091,
      0.004870131611824036,
      0.004648651462048292,
      0.0072312564589083195,
      0.0017903211992233992,
      0.003924698103219271,
      0.005437773652374744,
      0.0038504123222082853,
      0.0022770112846046686,
      0.00720598828047514,
      0.005750922951847315,
      0.006863534450531006,
      0.005461778957396746,
      0.0038061216473579407,
      0.005693625193089247,
      0.0036645433865487576,
      0.007099994458258152,
      0.009688416495919228,
      0.0012299945810809731,
      0.01937822625041008,
      0.0006116618751548231
    ],
    "champion_target": 0.009845,
    "champion_method": "Brain-Diffuser",
    "statistical_result": {
      "test_type": "One-sample t-test",
      "t_statistic": -5.396524248992597,
      "p_value": 8.42954534541125e-06,
      "cohens_d": 1.002109395397341,
      "confidence_interval": [
        0.004204138463254667,
        0.007304713244658315
      ],
      "win_rate": 0.9,
      "wins": "27",
      "total_folds": 30,
      "cccv1_mean": 0.005754425853956491,
      "cccv1_std": 0.004081963670664495,
      "champion_score": 0.009845,
      "significant": "True"
    }
  },
  "vangerven": {
    "cccv1_scores": [
      0.05841178819537163,
      0.04384242370724678,
      0.0502471961081028,
      0.042598795145750046,
      0.04686855524778366,
      0.04789220169186592,
      0.03952242061495781,
      0.042855437844991684,
      0.043284155428409576,
      0.051663413643836975,
      0.052043233066797256,
      0.047596611082553864,
      0.05097661167383194,
      0.05572165548801422,
      0.03714900091290474,
      0.046294182538986206,
      0.04008753225207329,
      0.038108550012111664,
      0.04675682634115219,
      0.0402514711022377,
      0.04505240544676781,
      0.04850334674119949,
      0.04030752182006836,
      0.050502389669418335,
      0.04647523909807205,
      0.04603027552366257,
      0.04600312188267708,
      0.03678301349282265,
      0.046040359884500504,
      0.05311531201004982
    ],
    "champion_target": 0.045659,
    "champion_method": "Brain-Diffuser",
    "statistical_result": {
      "test_type": "One-sample t-test",
      "t_statistic": 0.3788345236141074,
      "p_value": 0.7075702514072635,
      "cohens_d": -0.07034780497566402,
      "confidence_interval": [
        0.044014596835087655,
        0.04805107300946025
      ],
      "win_rate": 0.4,
      "wins": "12",
      "total_folds": 30,
      "cccv1_mean": 0.04603283492227395,
      "cccv1_std": 0.005314095051057795,
      "champion_score": 0.045659,
      "significant": "False"
    }
  },
  "mindbigdata": {
    "cccv1_scores": [
      0.057418834418058395,
      0.05525253713130951,
      0.05722792074084282,
      0.055284276604652405,
      0.05518602207303047,
      0.05928446725010872,
      0.05740489065647125,
      0.05722442641854286,
      0.05673670023679733,
      0.05951220542192459,
      0.05543399229645729,
      0.058216340839862823,
      0.055384814739227295,
      0.05607776343822479,
      0.057740677148103714,
      0.056356001645326614,
      0.05693682283163071,
      0.05767257139086723,
      0.057941507548093796,
      0.057985395193099976,
      0.05660237371921539,
      0.0591888502240181,
      0.0539436899125576,
      0.055722299963235855,
      0.05805698037147522,
      0.05646473914384842,
      0.056380681693553925,
      0.056565701961517334,
      0.057200729846954346,
      0.05939701199531555
    ],
    "champion_target": 0.057348,
    "champion_method": "MinD-Vis",
    "statistical_result": {
      "test_type": "One-sample t-test",
      "t_statistic": -1.4017765360112853,
      "p_value": 0.17159491083648787,
      "cohens_d": 0.2603033679032719,
      "confidence_interval": [
        0.05647596569641156,
        0.057510782760543395
      ],
      "win_rate": 0.6,
      "wins": "18",
      "total_folds": 30,
      "cccv1_mean": 0.05699337422847748,
      "cccv1_std": 0.001362355678987226,
      "champion_score": 0.057348,
      "significant": "False"
    }
  },
  "crell": {
    "cccv1_scores": [
      0.03318827971816063,
      0.031834714114665985,
      0.03380226716399193,
      0.031668420881032944,
      0.03242488205432892,
      0.03032267652451992,
      0.030343132093548775,
      0.03340211510658264,
      0.03483220562338829,
      0.03346416726708412,
      0.031352344900369644,
      0.03479059040546417,
      0.0330398865044117,
      0.03238213434815407,
      0.03178828954696655,
      0.0330284982919693,
      0.03187863528728485,
      0.03144276514649391,
      0.03302329033613205,
      0.03221260383725166,
      0.03354789689183235,
      0.03220123052597046,
      0.03359035402536392,
      0.03313412144780159,
      0.031587909907102585,
      0.03126122057437897,
      0.030848829075694084,
      0.030693698674440384,
      0.03332563117146492,
      0.034706637263298035
    ],
    "champion_target": 0.032525,
    "champion_method": "MinD-Vis",
    "statistical_result": {
      "test_type": "One-sample t-test",
      "t_statistic": -0.09132607240977986,
      "p_value": 0.9278614250751264,
      "cohens_d": 0.016958825900515995,
      "confidence_interval": [
        0.032033263573462964,
        0.03297469834048032
      ],
      "win_rate": 0.5333333333333333,
      "wins": "16",
      "total_folds": 30,
      "cccv1_mean": 0.03250398095697164,
      "cccv1_std": 0.0012394161690000157,
      "champion_score": 0.032525,
      "significant": "False"
    }
  }
}