{
  "dataset": "mindbigdata",
  "model_type": "Mind-Vis",
  "input_dim": 3092,
  "best_fold": 5,
  "best_score": 0.05469874106347561,
  "cv_mean": 0.05669533247128129,
  "cv_std": 0.0015001522611983486,
  "n_folds": 10,
  "academic_seed": 42,
  "timestamp": "2025-06-20T17:28:20.511532",
  "academic_compliant": true
}