{
  "dataset": "crell",
  "model_type": "Mind-Vis",
  "input_dim": 3092,
  "best_fold": 7,
  "best_score": 0.04721326194703579,
  "cv_mean": 0.0534724123775959,
  "cv_std": 0.0032076191825227804,
  "n_folds": 10,
  "academic_seed": 42,
  "timestamp": "2025-06-20T17:26:21.690144",
  "academic_compliant": true
}