{
  "dataset": "vangerven",
  "model_type": "Mind-Vis",
  "input_dim": 3092,
  "best_fold": 7,
  "best_score": 0.0392751544713974,
  "cv_mean": 0.045853541046380994,
  "cv_std": 0.003796232271822018,
  "n_folds": 10,
  "academic_seed": 42,
  "timestamp": "2025-06-20T17:25:46.773054",
  "academic_compliant": true
}