{
  "results": {
    "miyawaki": {
      "Mind-Vis": {
        "method": "Mind-Vis",
        "dataset": "miyawaki",
        "cv_scores": [
          0.03908639121800661,
          0.033524371683597565,
          0.02326907217502594,
          0.034333255141973495,
          0.02632025070488453
        ],
        "cv_mean": 0.03130666818469763,
        "cv_std": 0.005728347698798661,
        "n_folds": 5,
        "academic_compliant": true
      },
      "Lightweight-Brain-Diffuser": {
        "method": "Lightweight-Brain-Diffuser",
        "dataset": "miyawaki",
        "cv_scores": [
          0.06757787615060806,
          0.06884698942303658,
          0.052873892709612846,
          0.05893249064683914,
          0.0629781074821949
        ],
        "cv_mean": 0.062241871282458304,
        "cv_std": 0.005854119918116118,
        "n_folds": 5,
        "academic_compliant": true
      }
    }
  },
  "metadata": {
    "timestamp": "20250620_103626",
    "datasets": [
      "miyawaki"
    ],
    "n_folds": 5,
    "random_state": 42,
    "academic_compliant": true
  }
}