{
  "miyawaki": {
    "cv_scores": [
      0.011813361197710037,
      0.015917116776108742,
      0.024782702326774597,
      0.007212106604129076,
      0.010329925455152988,
      0.018319839611649513,
      0.004408903885632753,
      0.013799794018268585,
      0.013992390595376492,
      0.017926109954714775
    ],
    "mean_mse": 0.013850225042551756,
    "std_mse": 0.005569098963499219,
    "status": "success"
  },
  "vangerven": {
    "cv_scores": [
      0.05007879063487053,
      0.04821006581187248,
      0.04756937548518181,
      0.052520669996738434,
      0.044046711176633835,
      0.051623739302158356,
      0.045090366154909134,
      0.04497541859745979,
      0.054480355232954025,
      0.04956567659974098
    ],
    "mean_mse": 0.048816116899251936,
    "std_mse": 0.0033037450399958372,
    "status": "success"
  },
  "crell": {
    "cv_scores": [
      0.03179771080613136,
      0.03226980194449425,
      0.03166273236274719,
      0.03301696851849556,
      0.03205029293894768,
      0.03337983787059784,
      0.03100019507110119,
      0.034789782017469406,
      0.031878095120191574,
      0.033081792294979095
    ],
    "mean_mse": 0.03249272089451551,
    "std_mse": 0.0010347975905424017,
    "status": "success"
  },
  "mindbigdata": {
    "cv_scores": [
      0.05551363527774811,
      0.05720942094922066,
      0.05536043271422386,
      0.057458747178316116,
      0.05610427260398865,
      0.05645310878753662,
      0.05848131701350212,
      0.05786537751555443,
      0.05608436465263367,
      0.05902473255991936
    ],
    "mean_mse": 0.05695554092526436,
    "std_mse": 0.0011880457449173186,
    "status": "success"
  }
}