{
  "miyawaki": {
    "dataset": "miyawaki",
    "input_dim": 967,
    "parameters": {
      "total": 155040529,
      "trainable": 155040529,
      "size_mb": 591.4326820373535
    },
    "performance": {
      "inference_time_ms": 1.5030717849731445,
      "memory_usage_mb": 368.7119140625,
      "estimated_training_hours": 77.5202645
    },
    "environmental": {
      "training_carbon_kg": 6.5892224825,
      "inference_carbon_kg": 3.548919492297702e-05,
      "total_carbon_kg": 6.5892579716949236
    },
    "efficiency": {
      "params_per_mb": 262144.0,
      "inference_fps": 665.3042189983408,
      "carbon_efficiency": 0.15176215657296155,
      "memory_efficiency": 0.0027121445276392423
    }
  },
  "vangerven": {
    "dataset": "vangerven",
    "input_dim": 3092,
    "parameters": {
      "total": 157216529,
      "trainable": 157216529,
      "size_mb": 599.7334632873535
    },
    "performance": {
      "inference_time_ms": 1.3687968254089355,
      "memory_usage_mb": 378.27685546875,
      "estimated_training_hours": 78.6082645
    },
    "environmental": {
      "training_carbon_kg": 6.6817024825,
      "inference_carbon_kg": 3.2318813933266534e-05,
      "total_carbon_kg": 6.681734801313934
    },
    "efficiency": {
      "params_per_mb": 262144.0,
      "inference_fps": 730.5686143020127,
      "carbon_efficiency": 0.14966173153166065,
      "memory_efficiency": 0.002643566439614256
    }
  },
  "crell": {
    "dataset": "crell",
    "input_dim": 3092,
    "parameters": {
      "total": 157216529,
      "trainable": 157216529,
      "size_mb": 599.7334632873535
    },
    "performance": {
      "inference_time_ms": 1.256239414215088,
      "memory_usage_mb": 374.27685546875,
      "estimated_training_hours": 78.6082645
    },
    "environmental": {
      "training_carbon_kg": 6.6817024825,
      "inference_carbon_kg": 2.9661208391189578e-05,
      "total_carbon_kg": 6.681732143708391
    },
    "efficiency": {
      "params_per_mb": 262144.0,
      "inference_fps": 796.0266082121066,
      "carbon_efficiency": 0.1496617910584179,
      "memory_efficiency": 0.0026718189633916445
    }
  },
  "mindbigdata": {
    "dataset": "mindbigdata",
    "input_dim": 3092,
    "parameters": {
      "total": 157216529,
      "trainable": 157216529,
      "size_mb": 599.7334632873535
    },
    "performance": {
      "inference_time_ms": 1.5296244621276855,
      "memory_usage_mb": 374.77685546875,
      "estimated_training_hours": 78.6082645
    },
    "environmental": {
      "training_carbon_kg": 6.6817024825,
      "inference_carbon_kg": 3.6116133133570355e-05,
      "total_carbon_kg": 6.681738598633134
    },
    "efficiency": {
      "params_per_mb": 262144.0,
      "inference_fps": 653.7552351961045,
      "carbon_efficiency": 0.1496616464769465,
      "memory_efficiency": 0.0026682544170163755
    }
  }
}