{
  "dataset_name": "crell",
  "input_dim": 3092,
  "image_shape": [
    1,
    28,
    28
  ],
  "best_test_loss": 0.03271262580528855,
  "total_epochs": 50,
  "model_architecture": "Mind-Vis",
  "training_config": {
    "batch_size": 16,
    "learning_rate": 0.001,
    "epochs": 50,
    "patience": 15
  },
  "training_history": {
    "train_losses": [
      0.050049824743635125,
      0.03800185609401928,
      0.03766372406648265,
      0.03613027076547345,
      0.035769972691519394,
      0.03502942885582646,
      0.03560062456462118,
      0.034543370879772634,
      0.03486478773670064,
      0.03459291972426905,
      0.03512153898676237,
      0.034832288045436144,
      0.03466872425956859,
      0.03520025731995702,
      0.034738779740615025,
      0.034749907079256244,
      0.034674523450020284,
      0.03398757645239433,
      0.03481632947093911,
      0.03493815494908227,
      0.034792962277101144,
      0.034735385276791125,
      0.03460094513785508,
      0.034492245513117976,
      0.03449421158681313,
      0.03430211740649409,
      0.03455854165885183,
      0.03433534730639723,
      0.034200952026165195,
      0.0342993415478203,
      0.034149853305684194,
      0.03421933871383468,
      0.03430317476805714,
      0.0342657889963852,
      0.034206714067194194,
      0.03409981505117483,
      0.034208654426038265,
      0.03401008532899949,
      0.03413407395904263,
      0.03417270527117782,
      0.03420802148886853,
      0.034051749079177775,
      0.034052888655828104,
      0.03409193963226345,
      0.03402757437692748,
      0.03406060011022621,
      0.03388925093329615,
      0.03383058211248782,
      0.03384781556410922,
      0.03378905894027816
    ],
    "test_losses": [
      0.035484994761645794,
      0.03622853010892868,
      0.03508304199203849,
      0.03643786162137985,
      0.03487934358417988,
      0.035163582768291235,
      0.033967499155551195,
      0.034373086877167225,
      0.03449419979006052,
      0.03403932973742485,
      0.03352334117516875,
      0.035695008002221584,
      0.03409269638359547,
      0.03405014565214515,
      0.035572572611272335,
      0.03342779166996479,
      0.0350646311417222,
      0.03404741361737251,
      0.04011428728699684,
      0.036695247516036034,
      0.03445306699723005,
      0.037863964214921,
      0.03987389896064997,
      0.034705450758337975,
      0.0346303740516305,
      0.03723903652280569,
      0.03449493274092674,
      0.0347329955548048,
      0.03442454896867275,
      0.03301666444167495,
      0.03826351836323738,
      0.04331816267222166,
      0.0352997612208128,
      0.03354309545829892,
      0.03385208314284682,
      0.03271262580528855,
      0.0328456936404109,
      0.035659998655319214,
      0.03622072841972113,
      0.03315012715756893,
      0.033007316291332245,
      0.03282751329243183,
      0.034968539141118526,
      0.03361673094332218,
      0.0329165430739522,
      0.03304140828549862,
      0.03276690375059843,
      0.032752913888543844,
      0.032907196786254644,
      0.032905702479183674
    ],
    "learning_rates": [
      0.001,
      0.001,
      0.001,
      0.001,
      0.001,
      0.001,
      0.001,
      0.001,
      0.001,
      0.001,
      0.001,
      0.001,
      0.001,
      0.001,
      0.001,
      0.001,
      0.001,
      0.001,
      0.001,
      0.001,
      0.001,
      0.001,
      0.001,
      0.001,
      0.001,
      0.001,
      0.001,
      0.0005,
      0.0005,
      0.0005,
      0.0005,
      0.0005,
      0.0005,
      0.0005,
      0.0005,
      0.0005,
      0.0005,
      0.0005,
      0.0005,
      0.0005,
      0.0005,
      0.0005,
      0.0005,
      0.0005,
      0.0005,
      0.0005,
      0.0005,
      0.00025,
      0.00025,
      0.00025
    ]
  },
  "model_info": {
    "method_name": "Mind-Vis",
    "paper": "Chen et al. (2023) - CVPR 2023",
    "architecture": {
      "encoder": "fMRI \u2192 Latent",
      "decoder": "Latent \u2192 Visual Features",
      "generator": "Visual Features \u2192 Images"
    },
    "features": {
      "contrastive_learning": true,
      "progressive_training": true,
      "clip_alignment": true
    },
    "parameters": 9314576,
    "input_dim": 3092,
    "latent_dim": 256,
    "visual_dim": 512
  },
  "save_timestamp": "2025-06-20T10:13:13.301764",
  "device": "cuda"
}