{
  "dataset_name": "crell",
  "input_dim": 3092,
  "image_shape": [
    1,
    28,
    28
  ],
  "best_test_loss": 0.13224762305617332,
  "total_epochs": 30,
  "model_architecture": "Lightweight-Brain-Diffuser",
  "training_config": {
    "batch_size": 16,
    "learning_rate": 0.001,
    "epochs": 50,
    "patience": 15
  },
  "training_history": {
    "train_losses": [
      0.15497800625032848,
      0.13501493839753997,
      0.1336569512883822,
      0.13369199136892954,
      0.1340073123574257,
      0.13428601870934168,
      0.1342726709942023,
      0.1342617260913054,
      0.13443490407533115,
      0.1342380874686771,
      0.13424831380446753,
      0.1339595839381218,
      0.1341203935444355,
      0.13452910424934494,
      0.1345341108325455,
      0.13389938034945065,
      0.1341611250407166,
      0.1334948150648011,
      0.13442889062894714,
      0.13443924693597686,
      0.13435890856716368,
      0.13417900767591265,
      0.13432897213432524,
      0.13418772402736875,
      0.13436807153953445,
      0.13412840705778864,
      0.133717635853423,
      0.13348025042149755,
      0.13346491754055023,
      0.13353982816139856
    ],
    "test_losses": [
      0.1348988153040409,
      0.13355296850204468,
      0.13283991068601608,
      0.13451707363128662,
      0.13383887335658073,
      0.1337721198797226,
      0.13403275236487389,
      0.13352342322468758,
      0.1325496956706047,
      0.1339893825352192,
      0.1339399814605713,
      0.13503021001815796,
      0.13368703424930573,
      0.1339133307337761,
      0.13224762305617332,
      0.13325052708387375,
      0.13379376381635666,
      0.1337292641401291,
      0.13501637428998947,
      0.13390128314495087,
      0.13242404535412788,
      0.1344119980931282,
      0.13250714540481567,
      0.1354079619050026,
      0.134397704154253,
      0.13343509286642075,
      0.13335322588682175,
      0.13378089293837547,
      0.13232187926769257,
      0.13357621058821678
    ],
    "learning_rates": [
      0.001,
      0.001,
      0.001,
      0.001,
      0.001,
      0.001,
      0.001,
      0.001,
      0.001,
      0.001,
      0.001,
      0.001,
      0.001,
      0.001,
      0.001,
      0.001,
      0.001,
      0.001,
      0.001,
      0.001,
      0.001,
      0.001,
      0.001,
      0.001,
      0.001,
      0.001,
      0.0005,
      0.0005,
      0.0005,
      0.0005
    ]
  },
  "model_info": {
    "method_name": "Lightweight-Brain-Diffuser",
    "paper": "Ozcelik & VanRullen (2023) - Simplified Implementation",
    "architecture": {
      "stage1": "Lightweight VDVAE",
      "stage2": "Lightweight Diffusion"
    },
    "features": {
      "two_stage": true,
      "vae_initial_guess": true,
      "diffusion_refinement": true,
      "academic_compliant": true
    },
    "parameters": 6876192,
    "input_dim": 3092,
    "latent_dim": 512,
    "image_size": 28
  },
  "save_timestamp": "2025-06-20T10:20:28.622971",
  "device": "cuda",
  "academic_compliance": {
    "methodology": "Exact Brain-Diffuser methodology",
    "modifications": "Lightweight components for computational feasibility",
    "academic_integrity": "Maintained"
  }
}