{
  "dataset_name": "mindbigdata",
  "input_dim": 3092,
  "image_shape": [
    1,
    28,
    28
  ],
  "best_test_loss": 0.05747058195993304,
  "total_epochs": 34,
  "model_architecture": "Mind-Vis",
  "training_config": {
    "batch_size": 16,
    "learning_rate": 0.001,
    "epochs": 50,
    "patience": 15
  },
  "training_history": {
    "train_losses": [
      0.0698061080320793,
      0.06231927258126876,
      0.061836771173950505,
      0.061974135501419794,
      0.06033053249120712,
      0.05968684330582619,
      0.060026411405381036,
      0.05942698003833785,
      0.05932384444510236,
      0.05950885616681155,
      0.05930318458772758,
      0.05937918522121275,
      0.05912195031038102,
      0.05926389931975042,
      0.05904216122101335,
      0.05897073962670915,
      0.05890833608367864,
      0.058399492984308916,
      0.058615412727436596,
      0.05858812004546909,
      0.05873054024927756,
      0.05862697904162547,
      0.05852316358291051,
      0.0584807280341492,
      0.058398021056371575,
      0.058317054720485914,
      0.058385904330541104,
      0.058353723465081525,
      0.058136202614097035,
      0.05815048181616208,
      0.0582634808276506,
      0.05789360634106047,
      0.05816836572964402,
      0.058048933689646864
    ],
    "test_losses": [
      0.059894578997045755,
      0.06243093637749553,
      0.06104763364419341,
      0.05937389237806201,
      0.05834018625319004,
      0.05808440502732992,
      0.07363733183592558,
      0.06138721574097872,
      0.06006929138675332,
      0.059278253465890884,
      0.06765254028141499,
      0.06708688382059336,
      0.07896056398749352,
      0.07627123687416315,
      0.06169589515775442,
      0.06606988841667771,
      0.05877209035679698,
      0.061112011317163706,
      0.05747058195993304,
      0.05752174369990826,
      0.06181117566302419,
      0.05831979028880596,
      0.05825625825673342,
      0.0585448588244617,
      0.058170076459646225,
      0.05781497806310654,
      0.058532587718218565,
      0.05784662254154682,
      0.05766546493396163,
      0.058076622895896435,
      0.057715388014912605,
      0.05848974594846368,
      0.05782650364562869,
      0.057525538839399815
    ],
    "learning_rates": [
      0.001,
      0.001,
      0.001,
      0.001,
      0.001,
      0.001,
      0.001,
      0.001,
      0.001,
      0.001,
      0.001,
      0.001,
      0.001,
      0.001,
      0.001,
      0.001,
      0.001,
      0.0005,
      0.0005,
      0.0005,
      0.0005,
      0.0005,
      0.0005,
      0.0005,
      0.0005,
      0.0005,
      0.0005,
      0.0005,
      0.0005,
      0.0005,
      0.00025,
      0.00025,
      0.00025,
      0.00025
    ]
  },
  "model_info": {
    "method_name": "Mind-Vis",
    "paper": "Chen et al. (2023) - CVPR 2023",
    "architecture": {
      "encoder": "fMRI \u2192 Latent",
      "decoder": "Latent \u2192 Visual Features",
      "generator": "Visual Features \u2192 Images"
    },
    "features": {
      "contrastive_learning": true,
      "progressive_training": true,
      "clip_alignment": true
    },
    "parameters": 9314576,
    "input_dim": 3092,
    "latent_dim": 256,
    "visual_dim": 512
  },
  "save_timestamp": "2025-06-20T10:13:52.783741",
  "device": "cuda"
}