{
  "dataset_name": "vangerven",
  "input_dim": 3092,
  "image_shape": [
    1,
    28,
    28
  ],
  "best_test_loss": 0.03688736632466316,
  "total_epochs": 50,
  "model_architecture": "Mind-Vis",
  "training_config": {
    "batch_size": 16,
    "learning_rate": 0.001,
    "epochs": 50,
    "patience": 15
  },
  "training_history": {
    "train_losses": [
      0.1241710123916467,
      0.06905156622330348,
      0.06355738639831543,
      0.05860190838575363,
      0.055040755619605385,
      0.05215601995587349,
      0.04822831849257151,
      0.04738792342444261,
      0.045848919078707695,
      0.044704059759775795,
      0.04436679556965828,
      0.04336914730568727,
      0.042754106844464936,
      0.04063494006792704,
      0.04069880023598671,
      0.03896435226003329,
      0.040265049785375595,
      0.04240406615038713,
      0.04044486706455549,
      0.04085810296237469,
      0.039563766991098724,
      0.04101369405786196,
      0.04027205519378185,
      0.04224915678302447,
      0.038900699466466904,
      0.03450219798833132,
      0.03493762823442618,
      0.03612558109064897,
      0.034270456060767174,
      0.03429149370640516,
      0.03692347928881645,
      0.032957060262560844,
      0.031729502292970814,
      0.03364205422500769,
      0.03238593973219395,
      0.03134461771696806,
      0.03326911758631468,
      0.03309868648648262,
      0.03232734898726145,
      0.03239727020263672,
      0.030749461613595486,
      0.03128154017031193,
      0.03027215755234162,
      0.03103847149759531,
      0.03185671723137299,
      0.03302973322570324,
      0.03197909084459146,
      0.028980633864800136,
      0.029675634888311226,
      0.028060025225083034
    ],
    "test_losses": [
      0.0977708101272583,
      0.06561370939016342,
      0.05284854397177696,
      0.05912422761321068,
      0.05159706249833107,
      0.04782449081540108,
      0.043791454285383224,
      0.040450990200042725,
      0.04413076117634773,
      0.046114955097436905,
      0.04708544537425041,
      0.0462336391210556,
      0.03957909345626831,
      0.05816798657178879,
      0.0455283485352993,
      0.043375711888074875,
      0.04811334237456322,
      0.04413672164082527,
      0.040363602340221405,
      0.04275250807404518,
      0.04256146401166916,
      0.05502500385046005,
      0.04180894047021866,
      0.052448853850364685,
      0.04111273214221001,
      0.04342762753367424,
      0.04149075970053673,
      0.039048902690410614,
      0.038376156240701675,
      0.03993169590830803,
      0.04153429716825485,
      0.039543621242046356,
      0.03919191285967827,
      0.040259458124637604,
      0.038692720234394073,
      0.03688736632466316,
      0.04140617325901985,
      0.04288960620760918,
      0.04181148484349251,
      0.04062136635184288,
      0.03988130763173103,
      0.042034514248371124,
      0.04251246526837349,
      0.04088888689875603,
      0.041826169937849045,
      0.045392632484436035,
      0.03852397948503494,
      0.041015345603227615,
      0.040510356426239014,
      0.04097151383757591
    ],
    "learning_rates": [
      0.001,
      0.001,
      0.001,
      0.001,
      0.001,
      0.001,
      0.001,
      0.001,
      0.001,
      0.001,
      0.001,
      0.001,
      0.001,
      0.001,
      0.001,
      0.001,
      0.001,
      0.001,
      0.001,
      0.001,
      0.001,
      0.001,
      0.001,
      0.001,
      0.0005,
      0.0005,
      0.0005,
      0.0005,
      0.0005,
      0.0005,
      0.0005,
      0.0005,
      0.0005,
      0.0005,
      0.0005,
      0.0005,
      0.0005,
      0.0005,
      0.0005,
      0.0005,
      0.0005,
      0.0005,
      0.0005,
      0.0005,
      0.0005,
      0.0005,
      0.0005,
      0.00025,
      0.00025,
      0.00025
    ]
  },
  "model_info": {
    "method_name": "Mind-Vis",
    "paper": "Chen et al. (2023) - CVPR 2023",
    "architecture": {
      "encoder": "fMRI \u2192 Latent",
      "decoder": "Latent \u2192 Visual Features",
      "generator": "Visual Features \u2192 Images"
    },
    "features": {
      "contrastive_learning": true,
      "progressive_training": true,
      "clip_alignment": true
    },
    "parameters": 9314576,
    "input_dim": 3092,
    "latent_dim": 256,
    "visual_dim": 512
  },
  "save_timestamp": "2025-06-20T10:12:33.172788",
  "device": "cuda"
}