{
  "miyawaki": {
    "CCCV1": {
      "method": "CCCV1-Optimized",
      "dataset": "miyawaki",
      "parameters": {
        "total": 155040529,
        "trainable": 155040529,
        "size_mb": 591.4326820373535
      },
      "performance": {
        "inference_time_ms": 1.077718734741211,
        "memory_usage_mb": 368.7119140625,
        "estimated_training_hours": 77.5202645
      },
      "environmental": {
        "training_carbon_kg": 6.5892224825,
        "inference_carbon_kg": 2.544613679250082e-05,
        "total_carbon_kg": 6.589247928636793
      },
      "efficiency": {
        "params_per_mb": 262144.0,
        "inference_fps": 927.8858831753786,
        "carbon_efficiency": 0.15176238788253998
      }
    },
    "Mind-Vis": {
      "method": "Mind-Vis",
      "dataset": "miyawaki",
      "parameters": {
        "total": 315924480,
        "trainable": 315924480,
        "size_mb": 1205.15625
      },
      "performance": {
        "inference_time_ms": 4.0633368492126465,
        "memory_usage_mb": 1219.35791015625,
        "estimated_training_hours": 379.109376
      },
      "environmental": {
        "training_carbon_kg": 32.224296960000004,
        "inference_carbon_kg": 9.593989782863193e-05,
        "total_carbon_kg": 32.22439289989783
      },
      "efficiency": {
        "params_per_mb": 262144.0,
        "inference_fps": 246.10315046702817,
        "carbon_efficiency": 0.031032392234864124
      }
    },
    "Brain-Diffuser": {
      "method": "Lightweight-Brain-Diffuser",
      "dataset": "miyawaki",
      "parameters": {
        "total": 156661248,
        "trainable": 156661248,
        "size_mb": 597.615234375
      },
      "performance": {
        "inference_time_ms": 2.0817947387695312,
        "memory_usage_mb": 611.79345703125,
        "estimated_training_hours": 234.991872
      },
      "environmental": {
        "training_carbon_kg": 19.97430912,
        "inference_carbon_kg": 4.9153486887613935e-05,
        "total_carbon_kg": 19.97435827348689
      },
      "efficiency": {
        "params_per_mb": 262144.0,
        "inference_fps": 480.3547541824712,
        "carbon_efficiency": 0.05006418660905654
      }
    }
  },
  "vangerven": {
    "CCCV1": {
      "method": "CCCV1-Optimized",
      "dataset": "vangerven",
      "parameters": {
        "total": 157216529,
        "trainable": 157216529,
        "size_mb": 599.7334632873535
      },
      "performance": {
        "inference_time_ms": 1.1565136909484863,
        "memory_usage_mb": 369.97998046875,
        "estimated_training_hours": 78.6082645
      },
      "environmental": {
        "training_carbon_kg": 6.6817024825,
        "inference_carbon_kg": 2.730657325850593e-05,
        "total_carbon_kg": 6.681729789073259
      },
      "efficiency": {
        "params_per_mb": 262144.0,
        "inference_fps": 864.6676713181618,
        "carbon_efficiency": 0.1496618437990887
      }
    },
    "Mind-Vis": {
      "method": "Mind-Vis",
      "dataset": "vangerven",
      "parameters": {
        "total": 320276480,
        "trainable": 320276480,
        "size_mb": 1221.7578125
      },
      "performance": {
        "inference_time_ms": 4.768106937408447,
        "memory_usage_mb": 1236.0244140625,
        "estimated_training_hours": 384.331776
      },
      "environmental": {
        "training_carbon_kg": 32.66820096,
        "inference_carbon_kg": 0.00011258030268881056,
        "total_carbon_kg": 32.66831354030269
      },
      "efficiency": {
        "params_per_mb": 262144.0,
        "inference_fps": 209.7268398396111,
        "carbon_efficiency": 0.030610701674768315
      }
    },
    "Brain-Diffuser": {
      "method": "Lightweight-Brain-Diffuser",
      "dataset": "vangerven",
      "parameters": {
        "total": 158837248,
        "trainable": 158837248,
        "size_mb": 605.916015625
      },
      "performance": {
        "inference_time_ms": 2.099032402038574,
        "memory_usage_mb": 620.1591796875,
        "estimated_training_hours": 238.25587199999998
      },
      "environmental": {
        "training_carbon_kg": 20.25174912,
        "inference_carbon_kg": 4.956048727035523e-05,
        "total_carbon_kg": 20.25179868048727
      },
      "efficiency": {
        "params_per_mb": 262144.0,
        "inference_fps": 476.4099873011979,
        "carbon_efficiency": 0.049378330082033954
      }
    }
  }
}